<?xml version="1.0" encoding="UTF-8"?>
<metadata xml:lang="en"><Esri><CreaDate>20150107</CreaDate><CreaTime>18411200</CreaTime><ArcGISFormat>1.0</ArcGISFormat><SyncOnce>FALSE</SyncOnce><DataProperties><lineage><Process Name="Delete Features" ToolSource="c:\program files (x86)\arcgis\desktop10.1\ArcToolbox\Toolboxes\Data Management Tools.tbx\DeleteFeatures" Date="20140115" Time="163406">DeleteFeatures WBDHU8_Layer</Process><Process Name="Append (4)" ToolSource="c:\program files (x86)\arcgis\desktop10.1\ArcToolbox\Toolboxes\Data Management Tools.tbx\Append" Date="20140115" Time="164744">Append C:\Projects\WBD\WBD1904.gdb\HUC8_STRUCTURE "Database Connections\Sde26onP WBD2 Version.sde\WBD2.WBD\WBD2.WBDHU8" NO_TEST "TNMID "TNMID" true true false 40 Text 0 0 ,First,#,C:\Projects\WBD\WBD1904.gdb\HUC8_STRUCTURE,TNMID,-1,-1;METASOURCEID "METASOURCEID" true true false 40 Text 0 0 ,First,#,C:\Projects\WBD\WBD1904.gdb\HUC8_STRUCTURE,METASOURCEID,-1,-1;SOURCEDATADESC "SOURCEDATADESC" true true false 100 Text 0 0 ,First,#,C:\Projects\WBD\WBD1904.gdb\HUC8_STRUCTURE,SOURCEDATADESC,-1,-1;SOURCEORIGINATOR "SOURCEORIGINATOR" true true false 130 Text 0 0 ,First,#,C:\Projects\WBD\WBD1904.gdb\HUC8_STRUCTURE,SOURCEORIGINATOR,-1,-1;SOURCEFEATUREID "SOURCEFEATUREID" true true false 40 Text 0 0 ,First,#,C:\Projects\WBD\WBD1904.gdb\HUC8_STRUCTURE,SOURCEFEATUREID,-1,-1;LOADDATE "LOADDATE" true true false 36 Date 0 0 ,First,#,C:\Projects\WBD\WBD1904.gdb\HUC8_STRUCTURE,LOADDATE,-1,-1;GNIS_ID "GNIS_ID" true true false 4 Long 0 10 ,First,#,C:\Projects\WBD\WBD1904.gdb\HUC8_STRUCTURE,GNIS_ID,-1,-1;AREAACRES "AREAACRES" true true false 8 Double 8 38 ,First,#,C:\Projects\WBD\WBD1904.gdb\HUC8_STRUCTURE,AREAACRES,-1,-1;AREASQKM "AREASQKM" true true false 8 Double 8 38 ,First,#,C:\Projects\WBD\WBD1904.gdb\HUC8_STRUCTURE,AREASQKM,-1,-1;STATES "STATES" true true false 50 Text 0 0 ,First,#,C:\Projects\WBD\WBD1904.gdb\HUC8_STRUCTURE,STATES,-1,-1;HUC8 "HUC8" true true false 8 Text 0 0 ,First,#,C:\Projects\WBD\WBD1904.gdb\HUC8_STRUCTURE,HUC8,-1,-1;NAME "NAME" true true false 120 Text 0 0 ,First,#,C:\Projects\WBD\WBD1904.gdb\HUC8_STRUCTURE,NAME,-1,-1;GLOBALID "GLOBALID" false false true 38 GlobalID 0 0 ,First,#;SHAPE.AREA "SHAPE.AREA" false false true 0 Double 0 0 ,First,#;SHAPE.LEN "SHAPE.LEN" false false true 0 Double 0 0 ,First,#" #</Process><Process Name="Delete Features" ToolSource="c:\program files (x86)\arcgis\desktop10.1\ArcToolbox\Toolboxes\Data Management Tools.tbx\DeleteFeatures" Date="20140305" Time="160250">DeleteFeatures WBDHU8_Layer</Process><Process Name="Append (4)" ToolSource="c:\program files (x86)\arcgis\desktop10.1\ArcToolbox\Toolboxes\Data Management Tools.tbx\Append" Date="20140306" Time="083333">Append C:\Projects\WBD\WBD1904.gdb\HUC8_STRUCTURE "Database Connections\Sde26onP WBD2 Version.sde\WBD2.WBD\WBD2.WBDHU8" NO_TEST "TNMID "TNMID" true true false 40 Text 0 0 ,First,#,C:\Projects\WBD\WBD1904.gdb\HUC8_STRUCTURE,TNMID,-1,-1;METASOURCEID "METASOURCEID" true true false 40 Text 0 0 ,First,#,C:\Projects\WBD\WBD1904.gdb\HUC8_STRUCTURE,METASOURCEID,-1,-1;SOURCEDATADESC "SOURCEDATADESC" true true false 100 Text 0 0 ,First,#,C:\Projects\WBD\WBD1904.gdb\HUC8_STRUCTURE,SOURCEDATADESC,-1,-1;SOURCEORIGINATOR "SOURCEORIGINATOR" true true false 130 Text 0 0 ,First,#,C:\Projects\WBD\WBD1904.gdb\HUC8_STRUCTURE,SOURCEORIGINATOR,-1,-1;SOURCEFEATUREID "SOURCEFEATUREID" true true false 40 Text 0 0 ,First,#,C:\Projects\WBD\WBD1904.gdb\HUC8_STRUCTURE,SOURCEFEATUREID,-1,-1;LOADDATE "LOADDATE" true true false 36 Date 0 0 ,First,#,C:\Projects\WBD\WBD1904.gdb\HUC8_STRUCTURE,LOADDATE,-1,-1;GNIS_ID "GNIS_ID" true true false 4 Long 0 10 ,First,#,C:\Projects\WBD\WBD1904.gdb\HUC8_STRUCTURE,GNIS_ID,-1,-1;AREAACRES "AREAACRES" true true false 8 Double 8 38 ,First,#,C:\Projects\WBD\WBD1904.gdb\HUC8_STRUCTURE,AREAACRES,-1,-1;AREASQKM "AREASQKM" true true false 8 Double 8 38 ,First,#,C:\Projects\WBD\WBD1904.gdb\HUC8_STRUCTURE,AREASQKM,-1,-1;STATES "STATES" true true false 50 Text 0 0 ,First,#,C:\Projects\WBD\WBD1904.gdb\HUC8_STRUCTURE,STATES,-1,-1;HUC8 "HUC8" true true false 8 Text 0 0 ,First,#,C:\Projects\WBD\WBD1904.gdb\HUC8_STRUCTURE,HUC8,-1,-1;NAME "NAME" true true false 120 Text 0 0 ,First,#,C:\Projects\WBD\WBD1904.gdb\HUC8_STRUCTURE,NAME,-1,-1;GLOBALID "GLOBALID" false false true 38 GlobalID 0 0 ,First,#;SHAPE.AREA "SHAPE.AREA" false false true 0 Double 0 0 ,First,#;SHAPE.LEN "SHAPE.LEN" false false true 0 Double 0 0 ,First,#" #</Process><Process Name="Delete Features" ToolSource="c:\program files (x86)\arcgis\desktop10.1\ArcToolbox\Toolboxes\Data Management Tools.tbx\DeleteFeatures" Date="20140306" Time="101427">DeleteFeatures WBDHU8_Layer</Process><Process Name="Append (4)" ToolSource="c:\program files (x86)\arcgis\desktop10.1\ArcToolbox\Toolboxes\Data Management Tools.tbx\Append" Date="20140306" Time="103655">Append C:\Projects\WBD\WBD1904.gdb\HUC8_STRUCTURE "Database Connections\Sde26onP WBD2 Version.sde\WBD2.WBD\WBD2.WBDHU8" NO_TEST "TNMID "TNMID" true true false 40 Text 0 0 ,First,#,C:\Projects\WBD\WBD1904.gdb\HUC8_STRUCTURE,TNMID,-1,-1;METASOURCEID "METASOURCEID" true true false 40 Text 0 0 ,First,#,C:\Projects\WBD\WBD1904.gdb\HUC8_STRUCTURE,METASOURCEID,-1,-1;SOURCEDATADESC "SOURCEDATADESC" true true false 100 Text 0 0 ,First,#,C:\Projects\WBD\WBD1904.gdb\HUC8_STRUCTURE,SOURCEDATADESC,-1,-1;SOURCEORIGINATOR "SOURCEORIGINATOR" true true false 130 Text 0 0 ,First,#,C:\Projects\WBD\WBD1904.gdb\HUC8_STRUCTURE,SOURCEORIGINATOR,-1,-1;SOURCEFEATUREID "SOURCEFEATUREID" true true false 40 Text 0 0 ,First,#,C:\Projects\WBD\WBD1904.gdb\HUC8_STRUCTURE,SOURCEFEATUREID,-1,-1;LOADDATE "LOADDATE" true true false 36 Date 0 0 ,First,#,C:\Projects\WBD\WBD1904.gdb\HUC8_STRUCTURE,LOADDATE,-1,-1;GNIS_ID "GNIS_ID" true true false 4 Long 0 10 ,First,#,C:\Projects\WBD\WBD1904.gdb\HUC8_STRUCTURE,GNIS_ID,-1,-1;AREAACRES "AREAACRES" true true false 8 Double 8 38 ,First,#,C:\Projects\WBD\WBD1904.gdb\HUC8_STRUCTURE,AREAACRES,-1,-1;AREASQKM "AREASQKM" true true false 8 Double 8 38 ,First,#,C:\Projects\WBD\WBD1904.gdb\HUC8_STRUCTURE,AREASQKM,-1,-1;STATES "STATES" true true false 50 Text 0 0 ,First,#,C:\Projects\WBD\WBD1904.gdb\HUC8_STRUCTURE,STATES,-1,-1;HUC8 "HUC8" true true false 8 Text 0 0 ,First,#,C:\Projects\WBD\WBD1904.gdb\HUC8_STRUCTURE,HUC8,-1,-1;NAME "NAME" true true false 120 Text 0 0 ,First,#,C:\Projects\WBD\WBD1904.gdb\HUC8_STRUCTURE,NAME,-1,-1;GLOBALID "GLOBALID" false false true 38 GlobalID 0 0 ,First,#;SHAPE.AREA "SHAPE.AREA" false false true 0 Double 0 0 ,First,#;SHAPE.LEN "SHAPE.LEN" false false true 0 Double 0 0 ,First,#" #</Process><Process Name="Delete Features" ToolSource="c:\arcgis\desktop10.1\ArcToolbox\Toolboxes\Data Management Tools.tbx\DeleteFeatures" Date="20140312" Time="155636">DeleteFeatures WBDHU8_Layer</Process><Process Name="Append (4)" ToolSource="c:\arcgis\desktop10.1\ArcToolbox\Toolboxes\Data Management Tools.tbx\Append" Date="20140312" Time="162129">Append D:\Projects\WBD\WBD1904.gdb\HUC8_STRUCTURE "Database Connections\SueP_WBD2_Version.sde\WBD2.WBD\WBD2.WBDHU8" NO_TEST "TNMID "TNMID" true true false 40 Text 0 0 ,First,#,D:\Projects\WBD\WBD1904.gdb\HUC8_STRUCTURE,TNMID,-1,-1;METASOURCEID "METASOURCEID" true true false 40 Text 0 0 ,First,#,D:\Projects\WBD\WBD1904.gdb\HUC8_STRUCTURE,METASOURCEID,-1,-1;SOURCEDATADESC "SOURCEDATADESC" true true false 100 Text 0 0 ,First,#,D:\Projects\WBD\WBD1904.gdb\HUC8_STRUCTURE,SOURCEDATADESC,-1,-1;SOURCEORIGINATOR "SOURCEORIGINATOR" true true false 130 Text 0 0 ,First,#,D:\Projects\WBD\WBD1904.gdb\HUC8_STRUCTURE,SOURCEORIGINATOR,-1,-1;SOURCEFEATUREID "SOURCEFEATUREID" true true false 40 Text 0 0 ,First,#,D:\Projects\WBD\WBD1904.gdb\HUC8_STRUCTURE,SOURCEFEATUREID,-1,-1;LOADDATE "LOADDATE" true true false 36 Date 0 0 ,First,#,D:\Projects\WBD\WBD1904.gdb\HUC8_STRUCTURE,LOADDATE,-1,-1;GNIS_ID "GNIS_ID" true true false 4 Long 0 10 ,First,#,D:\Projects\WBD\WBD1904.gdb\HUC8_STRUCTURE,GNIS_ID,-1,-1;AREAACRES "AREAACRES" true true false 8 Double 8 38 ,First,#,D:\Projects\WBD\WBD1904.gdb\HUC8_STRUCTURE,AREAACRES,-1,-1;AREASQKM "AREASQKM" true true false 8 Double 8 38 ,First,#,D:\Projects\WBD\WBD1904.gdb\HUC8_STRUCTURE,AREASQKM,-1,-1;STATES "STATES" true true false 50 Text 0 0 ,First,#,D:\Projects\WBD\WBD1904.gdb\HUC8_STRUCTURE,STATES,-1,-1;HUC8 "HUC8" true true false 8 Text 0 0 ,First,#,D:\Projects\WBD\WBD1904.gdb\HUC8_STRUCTURE,HUC8,-1,-1;NAME "NAME" true true false 120 Text 0 0 ,First,#,D:\Projects\WBD\WBD1904.gdb\HUC8_STRUCTURE,NAME,-1,-1;GLOBALID "GLOBALID" false false true 38 GlobalID 0 0 ,First,#;SHAPE.AREA "SHAPE.AREA" false false true 0 Double 0 0 ,First,#;SHAPE.LEN "SHAPE.LEN" false false true 0 Double 0 0 ,First,#" #</Process><Process Name="Delete Features" ToolSource="c:\program files (x86)\arcgis\desktop10.1\ArcToolbox\Toolboxes\Data Management Tools.tbx\DeleteFeatures" Date="20140625" Time="092441">DeleteFeatures Original\WBDHU8ORIG</Process><Process Name="Append" ToolSource="c:\program files (x86)\arcgis\desktop10.1\ArcToolbox\Toolboxes\Data Management Tools.tbx\Append" Date="20140625" Time="092452">Append New\WBDHU8GL Original\WBDHU8ORIG NO_TEST "TNMID "TNMID" true true false 40 Text 0 0 ,First,#,D:\Projects\WBD\GreatLakeFixes.gdb\WBDHU8GL,TNMID,-1,-1;METASOURCEID "METASOURCEID" true true false 40 Text 0 0 ,First,#,D:\Projects\WBD\GreatLakeFixes.gdb\WBDHU8GL,MetaSourceID,-1,-1;SOURCEDATADESC "SOURCEDATADESC" true true false 100 Text 0 0 ,First,#,D:\Projects\WBD\GreatLakeFixes.gdb\WBDHU8GL,SourceDataDesc,-1,-1;SOURCEORIGINATOR "SOURCEORIGINATOR" true true false 130 Text 0 0 ,First,#,D:\Projects\WBD\GreatLakeFixes.gdb\WBDHU8GL,SourceOriginator,-1,-1;SOURCEFEATUREID "SOURCEFEATUREID" true true false 40 Text 0 0 ,First,#,D:\Projects\WBD\GreatLakeFixes.gdb\WBDHU8GL,SourceFeatureID,-1,-1;LOADDATE "LOADDATE" true true false 36 Date 0 0 ,First,#,D:\Projects\WBD\GreatLakeFixes.gdb\WBDHU8GL,LoadDate,-1,-1;GNIS_ID "GNIS_ID" true true false 4 Long 0 10 ,First,#,D:\Projects\WBD\GreatLakeFixes.gdb\WBDHU8GL,GNIS_ID,-1,-1;AREAACRES "AREAACRES" true true false 8 Double 8 38 ,First,#,D:\Projects\WBD\GreatLakeFixes.gdb\WBDHU8GL,AreaAcres,-1,-1;AREASQKM "AREASQKM" true true false 8 Double 8 38 ,First,#,D:\Projects\WBD\GreatLakeFixes.gdb\WBDHU8GL,AreaSqKm,-1,-1;STATES "STATES" true true false 50 Text 0 0 ,First,#,D:\Projects\WBD\GreatLakeFixes.gdb\WBDHU8GL,States,-1,-1;HUC8 "HUC8" true true false 8 Text 0 0 ,First,#,D:\Projects\WBD\GreatLakeFixes.gdb\WBDHU8GL,HUC8,-1,-1;NAME "NAME" true true false 120 Text 0 0 ,First,#,D:\Projects\WBD\GreatLakeFixes.gdb\WBDHU8GL,Name,-1,-1;GLOBALID "GLOBALID" false false true 38 GlobalID 0 0 ,First,#;SHAPE.AREA "SHAPE.AREA" false false true 0 Double 0 0 ,First,#;SHAPE.LEN "SHAPE.LEN" false false true 0 Double 0 0 ,First,#" #</Process><Process ToolSource="c:\program files (x86)\arcgis\desktop10.2\ArcToolbox\Toolboxes\Data Management Tools.tbx\CopyFeatures" Date="20140825" Time="090442">CopyFeatures \\fasd1\TNM_ags\DataManagement\NAD83\WBD\WBD.gdb\WBDHU8 \\fasd1\TNM_ags\DataManagement\NAD83\WBD\9.3\WBD.gdb\WBDHU8 # 0 0 0</Process><Process ToolSource="c:\program files (x86)\arcgis\desktop10.2\ArcToolbox\Toolboxes\Analysis Tools.tbx\Clip" Date="20150107" Time="184020">Clip WBDHU8 Chesapeake_Outline C:\Users\dawes\Downloads\HUC8_1.shp #</Process></lineage><itemProps><itemLocation><linkage Sync="TRUE">file://\\HNZCTR01\C$\Users\dawes\Downloads\HUC8_1.shp</linkage><protocol Sync="TRUE">Local Area Network</protocol></itemLocation><itemName Sync="TRUE">HUC8_1</itemName><imsContentType Sync="TRUE">002</imsContentType><itemSize Sync="TRUE">0.000</itemSize></itemProps><coordRef><type Sync="TRUE">Geographic</type><geogcsn Sync="TRUE">GCS_North_American_1983</geogcsn><csUnits Sync="TRUE">Angular Unit: Degree (0.017453)</csUnits><peXml Sync="TRUE">&lt;GeographicCoordinateSystem xsi:type='typens:GeographicCoordinateSystem' xmlns:xsi='http://www.w3.org/2001/XMLSchema-instance' xmlns:xs='http://www.w3.org/2001/XMLSchema' xmlns:typens='http://www.esri.com/schemas/ArcGIS/10.1'&gt;&lt;WKT&gt;GEOGCS[&amp;quot;GCS_North_American_1983&amp;quot;,DATUM[&amp;quot;D_North_American_1983&amp;quot;,SPHEROID[&amp;quot;GRS_1980&amp;quot;,6378137.0,298.257222101]],PRIMEM[&amp;quot;Greenwich&amp;quot;,0.0],UNIT[&amp;quot;Degree&amp;quot;,0.0174532925199433],AUTHORITY[&amp;quot;EPSG&amp;quot;,4269]]&lt;/WKT&gt;&lt;XOrigin&gt;-400&lt;/XOrigin&gt;&lt;YOrigin&gt;-400&lt;/YOrigin&gt;&lt;XYScale&gt;11258999068426.238&lt;/XYScale&gt;&lt;ZOrigin&gt;-100000&lt;/ZOrigin&gt;&lt;ZScale&gt;10000&lt;/ZScale&gt;&lt;MOrigin&gt;-100000&lt;/MOrigin&gt;&lt;MScale&gt;10000&lt;/MScale&gt;&lt;XYTolerance&gt;8.9831528411952133e-009&lt;/XYTolerance&gt;&lt;ZTolerance&gt;0.001&lt;/ZTolerance&gt;&lt;MTolerance&gt;0.001&lt;/MTolerance&gt;&lt;HighPrecision&gt;true&lt;/HighPrecision&gt;&lt;LeftLongitude&gt;-180&lt;/LeftLongitude&gt;&lt;WKID&gt;4269&lt;/WKID&gt;&lt;LatestWKID&gt;4269&lt;/LatestWKID&gt;&lt;/GeographicCoordinateSystem&gt;</peXml></coordRef></DataProperties><SyncDate>20150107</SyncDate><SyncTime>18400400</SyncTime><ModDate>20150107</ModDate><ModTime>18400400</ModTime></Esri><dataIdInfo><envirDesc Sync="TRUE">Microsoft Windows 7 Version 6.1 (Build 7601) Service Pack 1; Esri ArcGIS 10.2.0.3348</envirDesc><dataLang><languageCode value="eng" Sync="TRUE"></languageCode><countryCode value="USA" Sync="TRUE"></countryCode></dataLang><idCitation><resTitle Sync="TRUE">HUC8_1</resTitle><presForm><PresFormCd value="005" Sync="TRUE"></PresFormCd></presForm></idCitation><spatRpType><SpatRepTypCd value="001" Sync="TRUE"></SpatRepTypCd></spatRpType></dataIdInfo><mdLang><languageCode value="eng" Sync="TRUE"></languageCode><countryCode value="USA" Sync="TRUE"></countryCode></mdLang><distInfo><distFormat><formatName Sync="TRUE">Shapefile</formatName></distFormat><distTranOps><transSize Sync="TRUE">0.000</transSize></distTranOps></distInfo><mdHrLv><ScopeCd value="005" Sync="TRUE"></ScopeCd></mdHrLv><mdHrLvName Sync="TRUE">dataset</mdHrLvName><refSysInfo><RefSystem><refSysID><identCode code="4269" Sync="TRUE"></identCode><idCodeSpace Sync="TRUE">EPSG</idCodeSpace><idVersion Sync="TRUE">8.1.1</idVersion></refSysID></RefSystem></refSysInfo><spatRepInfo><VectSpatRep><geometObjs Name="HUC8_1"><geoObjTyp><GeoObjTypCd value="002" Sync="TRUE"></GeoObjTypCd></geoObjTyp><geoObjCnt Sync="TRUE">0</geoObjCnt></geometObjs><topLvl><TopoLevCd value="001" Sync="TRUE"></TopoLevCd></topLvl></VectSpatRep></spatRepInfo><spdoinfo><ptvctinf><esriterm Name="HUC8_1"><efeatyp Sync="TRUE">Simple</efeatyp><efeageom code="4" Sync="TRUE"></efeageom><esritopo Sync="TRUE">FALSE</esritopo><efeacnt Sync="TRUE">0</efeacnt><spindex Sync="TRUE">FALSE</spindex><linrefer Sync="TRUE">FALSE</linrefer></esriterm></ptvctinf></spdoinfo><eainfo><detailed Name="HUC8_1"><enttyp><enttypl Sync="TRUE">HUC8_1</enttypl><enttypt Sync="TRUE">Feature Class</enttypt><enttypc Sync="TRUE">0</enttypc></enttyp><attr><attrlabl Sync="TRUE">FID</attrlabl><attalias Sync="TRUE">FID</attalias><attrtype Sync="TRUE">OID</attrtype><attwidth Sync="TRUE">4</attwidth><atprecis Sync="TRUE">0</atprecis><attscale Sync="TRUE">0</attscale><attrdef Sync="TRUE">Internal feature number.</attrdef><attrdefs Sync="TRUE">Esri</attrdefs><attrdomv><udom Sync="TRUE">Sequential unique whole numbers that are automatically generated.</udom></attrdomv></attr><attr><attrlabl Sync="TRUE">SHAPE</attrlabl><attalias Sync="TRUE">Shape</attalias><attrtype Sync="TRUE">Geometry</attrtype><attwidth Sync="TRUE">0</attwidth><atprecis Sync="TRUE">0</atprecis><attscale Sync="TRUE">0</attscale><attrdef Sync="TRUE">Feature geometry.</attrdef><attrdefs Sync="TRUE">Esri</attrdefs><attrdomv><udom Sync="TRUE">Coordinates defining the features.</udom></attrdomv></attr><attr><attrlabl Sync="TRUE">AREAACRES</attrlabl><attalias Sync="TRUE">AREAACRES</attalias><attrtype Sync="TRUE">Double</attrtype><attwidth Sync="TRUE">19</attwidth><atprecis Sync="TRUE">0</atprecis><attscale Sync="TRUE">0</attscale></attr><attr><attrlabl Sync="TRUE">AREASQKM</attrlabl><attalias Sync="TRUE">AREASQKM</attalias><attrtype Sync="TRUE">Double</attrtype><attwidth Sync="TRUE">19</attwidth><atprecis Sync="TRUE">0</atprecis><attscale Sync="TRUE">0</attscale></attr><attr><attrlabl Sync="TRUE">STATES</attrlabl><attalias Sync="TRUE">STATES</attalias><attrtype Sync="TRUE">String</attrtype><attwidth Sync="TRUE">50</attwidth><atprecis Sync="TRUE">0</atprecis><attscale Sync="TRUE">0</attscale></attr><attr><attrlabl Sync="TRUE">HUC8</attrlabl><attalias Sync="TRUE">HUC8</attalias><attrtype Sync="TRUE">String</attrtype><attwidth Sync="TRUE">8</attwidth><atprecis Sync="TRUE">0</atprecis><attscale Sync="TRUE">0</attscale></attr><attr><attrlabl Sync="TRUE">NAME</attrlabl><attalias Sync="TRUE">NAME</attalias><attrtype Sync="TRUE">String</attrtype><attwidth Sync="TRUE">120</attwidth><atprecis Sync="TRUE">0</atprecis><attscale Sync="TRUE">0</attscale></attr><attr><attrlabl Sync="TRUE">Shape_Leng</attrlabl><attalias Sync="TRUE">Shape_Leng</attalias><attrtype Sync="TRUE">Double</attrtype><attwidth Sync="TRUE">19</attwidth><atprecis Sync="TRUE">0</atprecis><attscale Sync="TRUE">0</attscale></attr><attr><attrlabl Sync="TRUE">SHAPE_Area</attrlabl><attalias Sync="TRUE">Shape_Area</attalias><attrtype Sync="TRUE">Double</attrtype><attwidth Sync="TRUE">19</attwidth><atprecis Sync="TRUE">0</atprecis><attscale Sync="TRUE">0</attscale><attrdef Sync="TRUE">Area of feature in internal units squared.</attrdef><attrdefs Sync="TRUE">Esri</attrdefs><attrdomv><udom Sync="TRUE">Positive real numbers that are automatically generated.</udom></attrdomv></attr></detailed></eainfo><mdDateSt Sync="TRUE">20150107</mdDateSt></metadata>
